Time,9829,8208,10163,8729,8732,10165
0,37.07,37.22,37.47,37.17,37,37.33
0.001,37.12,37.4,37.47,37.15,37.01,37.21
0.003,37.14,37.39,37.57,37.1,37,37.16
0.004,37.16,37.32,37.68,37.09,37,37.29
0.006,37.22,37.36,37.67,37.21,37.02,37.35
0.007,37.14,37.35,37.63,37.13,37.1,37.45
0.008,36.97,37.32,37.65,37.11,37.12,37.52
0.01,37,37.33,37.56,37.11,37.05,37.57
0.011,37.02,37.26,37.52,37.25,36.98,37.56
0.013,36.97,37.29,37.45,37.25,37.04,37.58
0.014,36.87,37.25,37.39,37.2,36.89,37.57
0.015,37.02,37.31,37.46,37.1,36.88,37.55
0.017,36.85,37.33,37.48,37.12,37.18,37.53
0.018,37.15,37.4,37.47,37.17,37.22,37.56
0.019,37.23,37.46,37.48,37.16,37.32,37.47
0.021,37.34,37.51,37.42,37.14,37.35,37.37
0.022,37.41,37.55,37.39,37.16,37.41,37.32
0.024,37.35,37.59,37.36,37.15,37.48,37.26
0.025,37.32,37.64,37.37,37.07,37.49,37.24
0.026,37.24,37.67,37.4,37.07,37.46,37.24
0.028,36.95,37.69,37.46,37.08,37.44,37.29
0.029,36.75,37.67,37.44,37.31,37.35,37.29
0.031,36.71,37.65,37.43,37.34,37.32,37.23
0.032,36.68,37.56,37.38,37.41,37.59,37.26
0.033,36.79,37.51,37.35,37.39,37.58,37.33
0.035,36.79,37.38,37.37,37.41,37.51,37.24
0.036,36.72,37.34,37.38,37.35,37.51,37.39
0.038,36.71,37.32,37.38,37.34,37.66,37.45
0.039,36.78,37.23,37.38,37.33,37.64,37.37
0.04,36.87,37.18,37.35,37.3,37.66,37.36
0.042,36.86,37.04,37.29,37.32,37.68,37.46
0.043,36.85,36.94,37.31,37.34,37.72,37.42
0.044,36.69,36.88,37.37,37.33,37.71,37.31
0.046,36.68,36.76,37.32,37.3,37.74,37.23
0.047,36.74,36.74,37.34,37.26,37.76,37.27
0.049,36.78,36.74,37.4,37.22,37.72,37.15
0.05,36.85,36.78,37.45,37.23,37.75,37.11
0.051,36.76,36.89,37.42,37.13,37.77,37.01
0.053,36.69,36.86,37.55,37.01,37.7,37.09
0.054,36.71,36.8,37.62,37.02,37.65,37.08
0.056,36.81,36.86,37.58,37.12,37.71,37.07
0.057,36.86,36.86,37.59,37.24,37.77,37
0.058,37.07,36.91,37.58,37.24,37.72,36.95
0.06,37.23,36.84,37.63,37.29,37.61,36.95
0.061,37.14,36.77,37.62,37.33,37.54,36.87
0.063,36.98,36.68,37.63,37.3,37.51,36.96
0.064,36.83,36.58,37.69,37.25,37.48,37.03
0.065,36.69,36.54,37.72,37.27,37.4,37.06
0.067,36.67,36.56,37.74,37.37,37.38,37.01
0.068,36.65,36.55,37.7,37.38,37.33,36.94
0.069,36.57,36.52,37.73,37.34,37.27,36.91
0.071,36.46,36.51,37.74,37.32,37.3,36.81
0.072,36.27,36.48,37.71,37.31,37.27,36.79
0.074,36.32,36.43,37.7,37.32,37.26,36.76
0.075,36.29,36.36,37.69,37.31,37.26,36.75
0.076,36.51,36.29,37.7,37.24,37.18,36.79
0.078,36.86,36.23,37.66,37.15,37.02,36.84
0.079,36.81,36.18,37.57,37.13,37.01,36.82
0.081,36.72,36.14,37.48,37.17,36.95,36.81
0.082,36.58,36.14,37.42,37.24,36.91,36.83
0.083,36.45,36.18,37.3,37.35,36.92,36.87
0.085,36.33,36.19,37.39,37.37,36.98,36.83
0.086,36.33,36.17,37.31,37.45,36.99,36.75
0.088,36.51,36.13,37.31,37.4,37,36.74
0.089,36.73,36.07,37.27,37.46,36.99,36.76
0.09,36.98,35.99,37.24,37.55,36.92,36.85
0.092,36.95,35.95,37.2,37.59,36.62,36.97
0.093,37.09,35.93,37.11,37.59,36.45,36.88
0.094,37.06,35.98,37.06,37.59,36.61,36.85
0.096,36.95,36.04,37,37.55,36.71,36.78
0.097,36.85,36.09,36.95,37.5,36.88,36.72
0.099,36.79,36.18,36.87,37.46,36.98,36.7
0.1,36.79,36.28,36.82,37.5,37.07,36.71
0.101,36.73,36.39,36.79,37.55,37.17,36.82
0.103,36.77,36.38,36.75,37.48,37.1,36.86
0.104,36.92,36.41,36.74,37.4,37.01,36.81
0.106,37,36.44,36.68,37.26,36.96,36.86
0.107,36.93,36.54,36.66,37.29,36.95,37.05
0.108,37,36.62,36.62,37.38,36.92,37.18
0.11,36.82,36.71,36.59,37.44,36.88,37.18
0.111,36.84,36.75,36.6,37.32,36.82,37.1
0.113,36.76,36.82,36.51,37.37,36.79,37.08
0.114,36.88,36.85,36.5,37.36,36.78,37.01
0.115,36.87,36.86,36.48,37.2,36.72,37.09
0.117,36.81,36.85,36.47,37.11,36.67,37.09
0.118,36.79,36.82,36.52,37.31,36.63,37.13
0.119,36.63,36.78,36.62,37.31,36.58,37.15
0.121,36.53,36.81,36.59,37.25,36.58,37.18
0.122,36.49,36.75,36.57,37.15,36.54,37.2
0.124,36.49,36.64,36.59,37.16,36.5,37.13
0.125,36.56,36.55,36.82,37.12,36.56,37.15
0.126,36.55,36.51,37,37.04,36.55,37.15
0.128,36.53,36.5,37.15,37,36.52,37.08
0.129,36.44,36.44,37.4,37.02,36.49,37.01
0.131,36.4,36.5,37.49,36.91,36.49,37.04
0.132,36.5,36.59,37.5,37,36.52,37.1
0.133,36.51,36.66,37.37,37.03,36.54,37.1
0.135,36.64,36.71,37.36,36.97,36.52,37.11
0.136,36.74,36.71,37.4,36.99,36.44,37.16
0.138,36.69,36.69,37.44,36.89,36.33,37.34
0.139,36.68,36.66,37.46,36.87,36.3,37.36
0.14,36.39,36.6,37.44,36.87,36.27,37.33
0.142,36.26,36.54,37.41,36.87,36.27,37.39
0.143,36.22,36.5,37.33,36.86,36.33,37.24
0.144,36.2,36.57,37.3,36.88,36.31,37.32
0.146,36.28,36.63,37.24,36.89,36.33,37.57
0.147,36.29,36.65,37.2,36.8,36.42,37.57
0.149,36.12,36.74,37.23,36.75,36.47,37.6
0.15,36.07,36.74,37.21,36.75,36.49,37.72
0.151,36.06,36.73,37.08,36.73,36.53,37.68
0.153,36.22,36.68,36.98,36.76,36.58,37.61
0.154,36.38,36.64,36.96,36.76,36.56,37.67
0.156,36.4,36.62,36.93,36.69,36.61,37.68
0.157,36.41,36.55,36.87,36.63,36.69,37.5
0.158,36.45,36.58,36.85,36.59,36.69,37.33
0.16,36.49,36.58,36.85,36.53,36.66,37.26
0.161,36.52,36.55,36.87,36.46,36.65,37.25
0.163,36.5,36.49,36.88,36.41,36.63,37.21
0.164,36.54,36.48,36.79,36.45,36.59,37.17
0.165,36.54,36.47,36.79,36.44,36.49,37.13
0.167,36.54,36.46,36.88,36.41,36.37,37.09
0.168,36.47,36.46,36.93,36.38,36.54,37.03
0.169,36.38,36.44,37.05,36.31,36.63,37.17
0.171,36.31,36.44,37.16,36.24,36.65,37.2
0.172,36.37,36.48,37.29,36.17,36.66,37.13
0.174,36.33,36.56,37.38,36.12,36.66,37.07
0.175,36.38,36.63,37.49,36.09,36.73,37.09
0.176,36.55,36.71,37.63,36.07,36.75,37.01
0.178,36.52,36.74,37.76,36.07,36.72,36.97
0.179,36.53,36.85,37.88,36.08,36.68,37.04
0.181,36.59,36.95,38.03,36.08,36.65,37.12
0.182,36.74,37.06,38.04,36.04,36.61,37.14
0.183,36.86,37,38.09,36,36.52,37.23
0.185,36.84,36.89,38.09,35.96,36.51,37.13
0.186,36.77,36.88,38.05,35.92,36.54,37.42
0.188,36.64,36.91,38.05,35.88,36.53,37.5
0.189,36.59,36.92,37.99,35.93,36.6,37.6
0.19,36.57,36.87,37.91,35.91,36.49,37.63
0.192,36.62,36.76,37.9,35.9,36.49,37.85
0.193,36.66,36.71,37.95,35.87,36.35,37.81
0.194,36.53,36.76,37.84,35.86,36.4,37.76
0.196,36.53,36.87,37.62,35.86,36.56,37.75
0.197,36.53,36.96,37.5,35.88,36.7,37.62
0.199,36.77,37.01,37.47,35.85,36.85,37.68
0.2,36.83,36.92,37.53,36.05,36.91,37.75
0.201,36.77,37.04,37.61,36.11,36.93,37.8
0.203,36.75,37.14,37.59,36.12,36.83,37.82
0.204,36.62,37.16,37.65,36.35,36.78,37.85
0.206,36.48,37.13,37.6,36.25,36.76,37.86
0.207,36.42,37.04,37.45,36.3,36.73,37.89
0.208,36.44,37.05,37.33,36.38,36.76,37.93
0.21,36.41,37.02,37.34,36.43,36.76,37.86
0.211,36.24,37.01,37.37,36.43,36.79,37.84
0.213,36.2,37.03,37.35,36.52,36.68,37.78
0.214,36.29,37.05,37.33,36.55,36.64,37.63
0.215,36.36,37.07,37.28,36.54,36.68,37.53
0.217,36.35,37.05,37.2,36.55,36.63,37.48
0.218,36.19,37.01,37.09,36.56,36.57,37.46
0.219,36.21,36.96,36.99,36.56,36.53,37.42
0.221,36.55,36.91,36.96,36.5,36.5,37.38
0.222,36.61,36.84,36.94,36.46,36.48,37.36
0.224,36.62,36.74,36.98,36.47,36.44,37.38
0.225,36.82,36.68,36.92,36.48,36.35,37.39
0.226,36.92,36.68,36.89,36.53,36.23,37.41
0.228,36.9,36.72,36.85,36.56,36.29,37.36
0.229,36.99,36.77,36.77,36.77,36.35,37.38
0.231,37.1,36.75,36.7,36.86,36.3,37.38
0.232,37.23,36.73,36.67,37.01,36.39,37.42
0.233,37.2,36.72,36.68,37.04,36.5,37.4
0.235,37.07,36.68,36.65,37.07,36.69,37.35
0.236,37.2,36.63,36.6,37.16,36.87,37.27
0.238,37.24,36.56,36.53,37.39,36.99,37.17
0.239,37.23,36.53,36.4,37.58,37.11,37.14
0.24,37.39,36.49,36.34,37.74,37.26,37.07
0.242,37.47,36.44,36.3,37.73,37.33,37.07
0.243,37.45,36.41,36.27,37.71,37.31,37.14
0.244,37.42,36.38,36.27,37.76,37.3,37.23
0.246,37.43,36.34,36.27,37.73,37.32,37.27
0.247,37.51,36.4,36.32,37.7,37.35,37.31
0.249,37.58,36.4,36.37,37.62,37.26,37.31
0.25,37.58,36.43,36.41,37.58,37.29,37.34
0.251,37.51,36.56,36.46,37.46,37.25,37.4
0.253,37.45,36.75,36.52,37.47,37.25,37.33
0.254,37.49,37,36.45,37.32,37.2,37.37
0.256,37.41,37.14,36.49,37.3,37.15,37.35
0.257,37.32,37.17,36.45,37.23,37.17,37.32
0.258,37.3,37.17,36.43,37.17,37.15,37.32
0.26,37.28,37.19,36.41,37.08,37.08,37.34
0.261,37.21,37.21,36.38,36.98,37.06,37.29
0.263,37.11,37.15,36.31,36.84,36.98,37.28
0.264,36.96,37.19,36.24,36.96,36.88,37.21
0.265,36.97,37.15,36.18,36.93,36.72,37.17
0.267,36.98,37.15,36.03,36.94,36.72,37.18
0.268,37.01,37.12,35.98,37.08,36.73,37.14
0.269,36.95,37.1,35.95,37.08,36.72,37.07
0.271,36.84,37.1,35.9,37.12,36.66,37.01
0.272,36.77,37.05,35.85,37.09,36.66,37.06
0.274,36.61,37,35.82,36.93,36.62,37.08
0.275,36.45,36.92,35.76,36.91,36.61,37.05
0.276,36.33,36.79,35.73,36.87,36.55,37.04
0.278,36.22,36.73,35.73,36.82,36.55,37
0.279,36.18,36.69,35.71,36.81,36.46,36.96
0.281,36.14,36.67,35.69,36.85,36.52,36.89
0.282,36.05,36.65,35.66,36.94,36.54,36.88
0.283,36.01,36.61,35.61,36.79,36.61,36.92
0.285,35.96,36.6,35.66,36.64,36.72,36.91
0.286,35.85,36.57,35.65,36.54,36.79,36.91
0.288,35.75,36.54,35.75,36.51,36.9,36.93
0.289,35.68,36.51,35.88,36.47,36.91,36.94
0.29,35.63,36.49,35.93,36.45,36.96,36.89
0.292,35.57,36.45,35.93,36.42,37,36.84
0.293,35.46,36.41,36.02,36.38,37.1,36.84
0.294,35.4,36.37,36.04,36.32,37.1,36.89
0.296,35.38,36.33,35.94,36.22,37.12,36.93
0.297,35.32,36.28,36.09,36.26,37.04,37.01
0.299,35.22,36.27,36.24,36.32,36.96,36.98
0.3,35.16,36.23,36.11,36.31,36.89,37
0.301,35.12,36.19,36.25,36.34,36.77,36.97
0.303,35.07,36.18,36.16,36.36,36.58,36.94
0.304,35.02,36.17,36.09,36.48,36.46,36.91
0.306,35.01,36.12,36.15,36.64,36.42,36.85
0.307,34.96,36.05,36.12,36.68,36.37,36.83
0.308,34.93,36.01,36.14,36.71,36.34,36.83
0.31,35.05,35.98,36.15,36.74,36.31,36.86
0.311,35.01,35.93,36.24,36.74,36.24,36.92
0.313,34.98,35.89,36.23,36.71,36.22,36.85
0.314,35.01,35.86,36.3,36.63,36.21,36.77
0.315,34.99,35.83,36.31,36.55,36.15,36.75
0.317,35.11,35.85,36.32,36.44,36.13,36.73
0.318,35.27,35.8,36.31,36.39,36.09,36.72
0.319,35.36,35.8,36.3,36.36,36.08,36.71
0.321,35.4,35.8,36.28,36.35,36.11,36.7
0.322,35.3,35.84,36.24,36.28,36.12,36.69
0.324,35.31,35.87,36.22,36.21,36.12,36.66
0.325,35.32,35.86,36.2,36.17,36.11,36.68
0.326,35.33,35.98,36.18,36.14,36.07,36.66
0.328,35.36,36.04,36.15,36.09,35.96,36.66
0.329,35.3,36.03,36.13,36.05,35.88,36.65
0.331,35.35,36,36.04,36.02,35.92,36.62
0.332,35.5,35.98,36.03,36.03,35.93,36.56
0.333,35.53,35.98,36.01,36,35.88,36.58
0.335,35.5,35.97,35.97,35.88,35.84,36.6
0.336,35.42,35.95,35.9,35.77,35.86,36.67
0.338,35.34,35.91,35.86,35.77,35.86,36.71
0.339,35.3,35.89,35.9,35.82,35.82,36.67
0.34,35.24,35.86,35.87,35.83,35.76,36.8
0.342,35.31,35.8,35.83,35.81,35.71,36.89
0.343,35.24,35.67,35.86,35.89,35.68,36.88
0.344,35.18,35.8,35.83,36.01,35.68,36.74
0.346,35.17,35.96,35.76,36.06,35.63,36.64
0.347,35.21,36.01,35.71,36.06,35.63,36.57
0.349,35.3,36.06,35.68,36.14,35.6,36.6
0.35,35.34,36.09,35.65,36.21,35.71,36.6
0.351,35.36,36.24,35.66,36.24,35.75,36.6
0.353,35.34,36.36,35.67,36.25,35.75,36.52
0.354,35.29,36.42,35.65,36.22,35.75,36.49
0.356,35.26,36.47,35.64,36.18,35.76,36.48
0.357,35.2,36.5,35.63,36.11,35.8,36.47
0.358,35.17,36.55,35.63,36.1,35.79,36.42
0.36,35.17,36.56,35.65,36.1,35.75,36.43
0.361,35.19,36.54,35.73,36.1,35.73,36.42
0.363,35.22,36.51,35.67,36.05,35.72,36.38
0.364,35.29,36.48,35.69,35.98,35.7,36.35
0.365,35.3,36.44,35.9,35.96,35.66,36.37
0.367,35.25,36.45,35.87,35.93,35.73,36.29
0.368,35.21,36.46,35.9,35.91,35.74,36.24
0.369,35.19,36.44,36.03,35.95,35.81,36.23
0.371,35.19,36.39,36.13,35.92,35.82,36.2
0.372,35.15,36.38,36.21,35.92,35.92,36.21
0.374,35.03,36.38,36.22,35.91,35.93,36.21
0.375,35.09,36.34,36.33,35.91,35.85,36.21
0.376,35.24,36.29,36.4,35.89,35.95,36.18
0.378,35.34,36.2,36.43,35.88,36.01,36.26
0.379,35.35,36.14,36.42,35.81,36.03,36.16
0.381,35.32,36.09,36.39,35.64,36.03,36.3
0.382,35.29,36.06,36.38,35.64,35.93,36.36
0.383,35.26,36.03,36.35,35.87,35.92,36.35
0.385,35.22,36.03,36.33,35.96,35.88,36.22
0.386,35.18,36.05,36.3,35.99,35.84,36.14
0.388,35.23,36.1,36.26,36.05,35.81,36.16
0.389,35.24,36.14,36.2,36.1,35.78,36.18
0.39,35.18,36.18,36.15,36.13,35.77,36.19
0.392,35.18,36.17,36.1,36.2,35.75,36.22
0.393,35.16,36.16,36.07,36.24,35.74,36.14
0.394,35.26,36.1,36.1,36.27,35.7,36.19
0.396,35.28,36.04,36.06,36.21,35.65,36.23
0.397,35.34,36.01,36.01,36.04,35.61,36.15
0.399,35.66,35.96,35.99,36.07,35.6,36.12
0.4,35.74,35.93,35.96,36.19,35.64,36.04
0.401,35.69,35.91,35.94,36.2,35.62,35.93
0.403,35.72,35.89,35.93,36.26,35.59,35.95
0.404,35.74,35.84,35.9,36.25,35.56,35.98
0.406,35.73,35.8,35.88,36.25,35.54,36
0.407,35.71,35.77,35.87,36.22,35.51,35.89
0.408,35.68,35.74,35.87,36.18,35.55,35.87
0.41,35.62,35.69,35.86,36.12,35.57,35.87
0.411,35.61,35.66,35.84,36.02,35.52,35.87
0.413,35.59,35.6,35.85,35.94,35.49,35.9
0.414,35.58,35.57,35.81,35.95,35.53,35.94
0.415,35.59,35.65,35.92,35.89,35.55,35.96
0.417,35.57,35.7,35.96,35.85,35.63,35.91
0.418,35.56,35.71,35.99,35.8,35.73,35.88
0.419,35.52,35.7,36.06,35.77,35.82,35.95
0.421,35.49,35.77,36.12,35.76,35.89,35.96
0.422,35.53,35.83,36.13,35.76,35.95,35.94
0.424,35.51,35.83,36.31,35.75,35.98,35.95
0.425,35.49,35.88,36.43,35.74,35.97,35.95
0.426,35.46,35.92,36.46,35.71,36.12,35.93
0.428,35.39,35.92,36.43,35.7,36.23,35.93
0.429,35.37,35.87,36.48,35.7,36.29,35.94
0.431,35.36,35.97,36.47,35.69,36.29,35.91
0.432,35.45,36.02,36.46,35.74,36.29,35.8
0.433,35.46,36.05,36.38,35.81,36.25,35.78
0.435,35.51,36.07,36.18,35.86,36.22,35.75
0.436,35.44,36.08,36.28,35.9,36.21,35.83
0.438,35.45,36.05,36.33,35.92,36.2,36.09
0.439,35.41,36,36.32,35.93,36.21,36.22
0.44,35.4,35.97,36.31,35.96,36.17,36.16
0.442,35.54,35.92,36.26,36.03,36.08,36.34
0.443,35.53,35.87,36.19,36.07,36,36.3
0.444,35.54,35.84,36.12,36.1,36.02,36.25
0.446,35.48,35.8,36.07,36.16,36.07,36.29
0.447,35.47,35.75,36.04,36.09,36.09,36.29
0.449,35.49,35.7,36.05,36.1,36.13,36.22
0.45,35.51,35.68,36.04,36.1,36.12,36.18
0.451,35.52,35.61,36.02,36.19,36.09,36.13
0.453,35.53,35.64,36,36.22,36.06,36.02
0.454,35.58,35.63,35.97,36.32,36.06,35.99
0.456,35.58,35.6,35.96,36.29,36.02,36.02
0.457,35.58,35.57,35.88,36.4,36.03,36.03
0.458,35.57,35.55,35.84,36.45,36.04,36.04
0.46,35.56,35.54,35.82,36.57,36.03,36.1
0.461,35.55,35.52,35.89,36.61,36.01,36.12
0.463,35.58,35.49,35.91,36.61,35.96,36.1
0.464,35.6,35.47,35.89,36.55,35.96,36.07
0.465,35.66,35.45,35.89,36.55,35.94,36.01
0.467,35.72,35.43,35.81,36.52,35.95,35.98
0.468,35.72,35.41,35.79,36.43,35.97,35.99
0.469,35.57,35.4,35.75,36.34,35.95,36
0.471,35.56,35.38,35.78,36.24,35.91,36
0.472,35.57,35.37,35.78,36.19,35.94,35.98
0.474,35.58,35.36,35.8,36.18,35.97,36.01
0.475,35.59,35.33,35.82,36.13,35.95,35.99
0.476,35.57,35.31,35.81,36.08,35.89,35.88
0.478,35.54,35.29,35.79,36.05,35.91,35.91
0.479,35.47,35.33,35.76,36.02,35.98,35.98
0.481,35.24,35.36,35.72,35.99,35.96,35.95
0.482,35.32,35.39,35.68,35.97,35.93,36.04
0.483,35.59,35.44,35.68,35.93,35.92,36.17
0.485,35.6,35.59,35.72,35.87,35.92,36.24
0.486,35.6,35.65,35.71,35.85,35.91,36.16
0.488,35.57,35.66,35.71,35.79,35.87,36.14
0.489,35.54,35.65,35.71,35.78,35.78,36.13
0.49,35.51,35.65,35.71,35.81,35.7,36.1
0.492,35.48,35.57,35.74,35.91,35.67,36.04
0.493,35.53,35.57,35.8,35.91,35.64,36.01
0.494,35.55,35.66,35.84,35.92,35.61,35.98
0.496,35.54,35.72,35.89,35.89,35.61,35.97
0.497,35.56,35.76,35.96,35.88,35.61,35.93
0.499,35.54,35.79,35.91,35.93,35.63,35.9
0.5,35.52,35.85,35.97,35.96,35.67,35.87
0.501,35.5,35.93,36.1,35.95,35.66,35.84
0.503,35.46,35.96,36.11,35.88,35.65,35.85
0.504,35.46,35.99,35.96,35.81,35.63,35.89
0.506,35.38,36.01,36.16,35.81,35.6,35.96
0.507,35.39,36.05,36.33,35.81,35.58,35.99
0.508,35.47,36.08,36.35,35.81,35.56,35.99
0.51,35.51,36.07,36.39,35.79,35.56,35.89
0.511,35.49,36.04,36.37,35.78,35.56,35.94
0.513,35.53,36,36.33,35.81,35.6,35.93
0.514,35.45,35.97,36.3,35.86,35.6,35.91
0.515,35.47,35.87,36.27,35.95,35.55,35.89
0.517,35.4,35.78,36.26,36,35.52,35.88
0.518,35.35,35.74,36.28,36.01,35.49,35.86
0.519,35.2,35.74,36.25,35.97,35.52,35.71
0.521,35.19,35.72,36.29,35.94,35.51,35.66
0.522,35.2,35.68,36.27,35.92,35.58,35.7
0.524,35.32,35.72,36.25,35.92,35.6,35.72
0.525,35.35,35.74,36.22,35.9,35.57,35.9
0.526,35.47,35.82,36.18,35.74,35.59,35.95
0.528,35.54,35.84,36.11,35.74,35.65,36.03
0.529,35.57,35.8,36.08,35.8,35.75,36.06
0.531,35.58,35.78,36.09,35.88,35.75,36.03
0.532,35.57,35.75,36.04,35.98,35.76,36.07
0.533,35.54,35.74,35.98,36.08,35.77,36.07
0.535,35.53,35.73,35.93,36.13,35.77,36.06
0.536,35.47,35.78,35.89,36.15,35.75,36.02
0.538,35.39,35.8,35.9,36.17,35.75,36.05
0.539,35.36,35.81,35.9,36.17,35.73,36.07
0.54,35.31,35.79,35.89,36.12,35.68,36.23
0.542,35.26,35.76,35.86,36.11,35.66,36.17
0.543,35.21,35.74,35.84,36.18,35.67,36.09
0.544,35.16,35.79,35.81,36.34,35.64,36.11
0.546,35.11,35.78,35.81,36.37,35.68,36.17
0.547,35.08,35.76,35.9,36.37,35.71,36.17
0.549,35.1,35.82,35.98,36.38,35.7,36.15
0.55,35.26,36.01,36.03,36.41,35.72,36.13
0.551,35.25,35.99,36.07,36.39,35.7,36.32
0.553,35.29,36.01,36.12,36.34,35.68,36.4
0.554,35.32,36.06,36.06,36.25,35.71,36.45
0.556,35.42,36.16,36.04,36.21,35.81,36.4
0.557,35.5,36.17,36.12,36.16,35.86,36.38
0.558,35.49,36.21,36.22,36.12,35.88,36.33
0.56,35.45,36.24,36.21,36.08,35.94,36.32
0.561,35.28,36.3,36.22,36.05,36.02,36.32
0.563,35.34,36.32,36.22,35.99,35.96,36.27
0.564,35.35,36.34,36.34,36.08,35.92,36.22
0.565,35.19,36.33,36.31,36.16,35.92,36.2
0.567,35.36,36.27,36.23,36.3,35.95,36.25
0.568,35.43,36.29,36.15,36.3,35.94,36.29
0.569,35.48,36.29,36.1,36.34,35.9,36.31
0.571,35.48,36.23,36.07,36.34,35.83,36.31
0.572,35.44,36.19,36.03,36.33,35.76,36.35
0.574,35.38,36.17,35.98,36.25,35.72,36.36
0.575,35.32,36.15,35.84,36.22,35.74,36.35
0.576,35.26,36.12,35.78,36.2,35.71,36.22
0.578,35.2,36.09,35.75,36.17,35.68,36.18
0.579,35.1,36.04,35.72,36.15,35.69,36.16
0.581,35.06,35.99,35.76,36.13,35.7,36.18
0.582,35.01,35.96,35.8,36.11,35.67,36.13
0.583,35.03,35.94,35.88,36.09,35.64,36.09
0.585,35.04,35.94,35.89,36.07,35.62,36.1
0.586,35.04,35.97,35.89,36.03,35.6,36.17
0.588,35.02,36.03,35.89,35.99,35.52,36.16
0.589,35.07,36.02,35.87,35.98,35.54,36.15
0.59,35.09,36.02,35.89,35.92,35.52,36.17
0.592,35.14,35.99,35.99,35.9,35.43,36.17
0.593,35.14,35.96,36.03,35.89,35.42,36.19
0.594,35.33,35.95,36,35.87,35.42,36.19
0.596,35.51,35.91,35.94,35.85,35.44,36.14
0.597,35.71,35.87,35.94,35.85,35.45,36.19
0.599,35.84,35.83,35.89,35.83,35.43,36.14
0.6,35.86,35.8,35.84,35.82,35.47,36.08
0.601,35.89,35.76,35.81,35.8,35.44,35.99
0.603,35.86,35.73,35.88,35.79,35.4,36.06
0.604,35.95,35.69,35.95,35.77,35.45,36.17
0.606,36.28,35.68,36.01,35.77,35.54,36.24
0.607,36.14,35.73,36.12,35.75,35.56,36.36
0.608,36.19,35.84,36.16,35.73,35.72,36.5
0.61,36.27,35.87,36.35,35.71,35.76,36.7
0.611,36.35,35.97,36.42,35.7,35.82,36.7
0.613,36.4,36.07,36.38,35.68,35.89,36.71
0.614,36.51,36.11,36.46,35.73,35.88,36.7
0.615,36.53,36.11,36.43,35.73,35.84,36.72
0.617,36.46,36.18,36.33,35.73,35.86,36.68
0.618,36.23,36.19,36.36,35.81,35.92,36.63
0.619,36.29,36.16,36.33,35.89,35.97,36.64
0.621,36.42,36.13,36.2,36.03,36.02,36.58
0.622,36.5,36,36.16,36.07,36.01,36.5
0.624,36.46,36.03,36.22,36,35.93,36.48
0.625,36.39,36.08,36.18,36.09,35.86,36.44
0.626,36.32,36.17,36.13,36.17,35.8,36.44
0.628,36.25,36.22,36.1,36.15,35.79,36.46
0.629,36.19,36.25,36.06,36.21,35.78,36.43
0.631,36.13,36.3,36.05,36.25,35.86,36.44
0.632,36.13,36.37,36.04,36.22,35.89,36.38
0.633,36.17,36.4,35.98,36.22,35.86,36.33
0.635,36.16,36.39,36.01,36.24,35.81,36.33
0.636,36.21,36.32,35.97,36.35,35.76,36.26
0.638,36.24,36.26,35.83,36.44,35.66,36.24
0.639,36.21,36.23,35.81,36.49,35.61,36.24
0.64,36.17,36.2,35.92,36.47,35.58,36.24
0.642,36.13,36.16,35.98,36.53,35.55,36.15
0.643,36.14,36.14,36.03,36.57,35.51,36.19
0.644,36.1,36.11,36.03,36.56,35.5,36.15
0.646,36.03,36.04,36.12,36.64,35.48,36.13
0.647,35.95,35.99,36.23,36.62,35.43,36.16
0.649,35.87,35.95,36.33,36.57,35.44,36.18
0.65,35.76,35.89,36.33,36.49,35.43,36.2
0.651,35.79,35.85,36.31,36.45,35.43,36.21
0.653,35.8,35.83,36.25,36.41,35.43,36.22
0.654,35.78,35.75,36.23,36.36,35.48,36.23
0.656,35.82,35.81,36.2,36.35,35.54,36.22
0.657,35.84,35.8,36.22,36.36,35.51,36.17
0.658,35.82,35.85,36.26,36.33,35.55,36.14
0.66,36,35.89,36.26,36.3,35.7,36.04
0.661,35.9,35.96,36.25,36.26,35.71,35.95
0.663,35.87,35.99,36.27,36.21,35.75,35.92
0.664,35.88,36,36.17,36.18,35.76,35.88
0.665,35.92,36.02,36.11,36.19,35.85,35.85
0.667,36.04,36.13,36.12,36.2,35.95,35.9
0.668,36.13,36.21,36.07,36.19,36,35.97
0.669,36.13,36.24,36.27,36.2,36.02,36
0.671,36.12,36.25,36.35,36.19,36.05,36.1
0.672,36.14,36.23,36.36,36.15,36.11,36.2
0.674,36.14,36.22,36.36,36.14,36.14,36.29
0.675,36.08,36.21,36.31,36.11,36.13,36.34
0.676,36.03,36.17,36.33,36.1,36.11,36.38
0.678,36.04,36.13,36.29,36.09,36.06,36.39
0.679,36.02,36.1,36.25,36.1,36.04,36.39
0.681,35.79,36.08,36.22,36.11,36.03,36.38
0.682,35.72,36.1,36.2,36.12,36,36.35
0.683,35.72,36.17,36.19,36.12,35.99,36.33
0.685,35.74,36.18,36.21,36.1,35.95,36.3
0.686,35.83,36.21,36.21,36.09,35.92,36.24
0.688,35.94,36.25,36.22,36.12,35.89,36.37
0.689,36.11,36.4,36.18,36.12,35.86,36.36
0.69,36.21,36.46,36.14,36.12,35.87,36.29
0.692,36.3,36.43,36.15,36.12,35.8,36.26
0.693,36.33,36.45,36.2,36.15,35.81,36.2
0.694,36.25,36.44,36.04,36.19,35.84,36.26
0.696,36.3,36.44,36.14,36.22,35.89,36.27
0.697,36.57,36.39,36.28,36.26,35.89,36.26
0.699,36.57,36.32,36.32,36.29,35.98,36.25
0.7,36.53,36.29,36.35,36.32,36,36.26
0.701,36.34,36.27,36.4,36.31,35.99,36.22
0.703,36.2,36.25,36.52,36.34,36,36.2
0.704,36.21,36.21,36.55,36.34,36.01,36.21
0.706,36.16,36.11,36.63,36.43,36.06,36.2
0.707,36.43,35.98,36.59,36.44,36.09,36.22
0.708,36.61,35.91,36.52,36.42,36.1,36.22
0.71,36.76,35.89,36.47,36.42,36.11,36.2
0.711,36.84,35.95,36.46,36.42,36.1,36.2
0.713,36.88,35.89,36.49,36.43,36.1,36.22
0.714,36.92,35.84,36.5,36.47,36.11,36.29
0.715,36.84,36.02,36.52,36.61,36.07,36.34
0.717,36.84,36.25,36.5,36.67,36.09,36.34
0.718,36.76,36.33,36.49,36.62,36.11,36.45
0.719,36.7,36.42,36.45,36.58,36.11,36.46
0.721,36.63,36.49,36.4,36.75,36.12,36.5
0.722,36.59,36.56,36.45,36.79,36.13,36.42
0.724,36.51,36.64,36.51,36.79,36.07,36.32
0.725,36.52,36.63,36.57,36.82,36.07,36.3
0.726,36.64,36.67,36.62,36.84,36.05,36.32
0.728,36.61,36.75,36.63,36.74,36,36.33
0.729,36.6,36.75,36.7,36.65,36,36.28
0.731,36.62,36.76,36.77,36.63,36.03,36.29
0.732,36.74,36.82,36.73,36.59,36.01,36.3
0.733,36.93,36.83,36.76,36.62,36.02,36.33
0.735,36.96,36.83,36.79,36.64,36.06,36.34
0.736,36.83,36.82,36.74,36.62,36.04,36.32
0.738,36.76,36.83,36.69,36.58,36.01,36.29
0.739,36.79,36.8,36.81,36.56,35.98,36.3
0.74,36.94,36.79,36.87,36.56,36.01,36.32
0.742,36.97,36.75,36.8,36.56,35.92,36.31
0.743,37.05,36.72,36.78,36.56,35.88,36.3
0.744,37.08,36.69,36.81,36.66,36.02,36.26
0.746,37.17,36.72,36.82,36.57,36.21,36.32
0.747,37.14,36.68,36.83,36.46,36.35,36.39
0.749,37.2,36.66,36.88,36.42,36.4,36.4
0.75,37.26,36.69,36.85,36.38,36.44,36.38
0.751,37.34,36.77,36.86,36.41,36.48,36.39
0.753,37.33,36.76,36.85,36.41,36.45,36.4
0.754,37.3,36.81,36.89,36.39,36.45,36.32
0.756,37.28,36.85,36.98,36.38,36.5,36.39
0.757,37.25,36.84,37.03,36.37,36.54,36.48
0.758,37.06,36.7,37.11,36.35,36.5,36.46
0.76,37.04,36.77,37.23,36.28,36.46,36.61
0.761,37.08,36.78,37.29,36.32,36.39,36.68
0.763,37.15,36.77,37.32,36.31,36.32,36.76
0.764,37.15,36.69,37.47,36.33,36.26,36.79
0.765,37.16,36.64,37.5,36.29,36.21,36.86
0.767,37.12,36.63,37.58,36.21,36.22,36.9
0.768,37,36.96,37.73,36.21,36.22,36.95
0.769,36.99,37.01,37.77,36.21,36.24,36.97
0.771,37.05,37.23,37.74,36.32,36.28,36.86
0.772,37.03,37.29,37.73,36.39,36.24,36.9
0.774,36.97,37.3,37.72,36.48,36.22,37
0.775,37.04,37.35,37.78,36.49,36.16,37.05
0.776,37.06,37.34,37.9,36.52,36.12,37.18
0.778,37.04,37.34,37.89,36.61,36.08,37.21
0.779,37.04,37.37,37.85,36.56,36.06,37.24
0.781,37.06,37.31,37.83,36.5,36.06,37.29
0.782,37.1,37.31,37.78,36.55,36.03,37.26
0.783,37.01,37.25,37.87,36.64,36.03,37.29
0.785,36.92,37.26,37.96,36.84,35.93,37.39
0.786,36.9,37.37,37.97,36.99,35.91,37.5
0.788,37.03,37.41,37.93,37.07,36.08,37.56
0.789,37.2,37.35,37.9,37.03,36.16,37.61
0.79,37.33,37.25,37.9,37.16,36.28,37.67
0.792,37.39,37.23,37.97,37.26,36.44,37.83
0.793,37.31,37.25,37.85,37.29,36.57,37.85
0.794,37.06,37.34,37.77,37.38,36.59,37.77
0.796,36.94,37.39,37.66,37.45,36.53,37.65
0.797,37,37.46,37.61,37.48,36.46,37.6
0.799,37.14,37.42,37.6,37.47,36.58,37.65
0.8,37.15,37.36,37.58,37.4,36.65,37.6
0.801,37.28,37.36,37.63,37.38,36.71,37.73
0.803,37.28,37.36,37.7,37.34,36.8,37.74
0.804,37.28,37.37,37.77,37.36,36.86,37.8
0.806,37.26,37.32,37.79,37.27,36.9,37.81
0.807,37.16,37.26,37.78,37.09,36.9,37.73
0.808,36.94,37.25,37.79,37.18,36.83,37.62
0.81,37.03,37.37,37.7,37.21,36.7,37.62
0.811,37.06,37.41,37.68,37.27,36.7,37.59
0.813,36.95,37.35,37.73,37.32,36.76,37.54
0.814,36.94,37.35,37.75,37.29,36.75,37.5
0.815,36.79,37.36,37.7,37.3,36.93,37.54
0.817,36.69,37.32,37.72,37.26,37.06,37.55
0.818,36.69,37.32,37.73,37.23,37.09,37.59
0.819,36.72,37.35,37.71,37.22,37.18,37.47
0.821,36.79,37.36,37.67,37.2,37.15,37.38
0.822,36.75,37.32,37.65,37.28,37.21,37.32
0.824,36.75,37.3,37.63,37.33,37.34,37.3
0.825,36.92,37.33,37.59,37.42,37.3,37.32
0.826,37.04,37.36,37.52,37.37,37.28,37.33
0.828,36.95,37.41,37.52,37.26,37.25,37.34
0.829,36.78,37.47,37.6,37.24,37.22,37.31
0.831,36.74,37.41,37.7,37.39,37.33,37.33
0.832,36.79,37.42,37.78,37.49,37.34,37.29
0.833,36.76,37.4,37.85,37.57,37.46,37.1
0.835,36.71,37.4,37.86,37.6,37.51,37.18
0.836,36.64,37.45,37.85,37.64,37.53,37.49
0.838,36.71,37.54,37.83,37.65,37.45,37.62
0.839,36.82,37.56,37.74,37.59,37.43,37.72
0.84,36.84,37.53,37.68,37.48,37.44,37.83
0.842,36.82,37.48,37.65,37.42,37.46,37.82
0.843,36.81,37.52,37.57,37.35,37.37,37.8
0.844,36.79,37.46,37.57,37.31,37.32,37.9
0.846,36.84,37.45,37.47,37.22,37.26,37.86
0.847,36.9,37.38,37.41,37.17,37.3,37.84
0.849,36.89,37.43,37.41,37.13,37.4,37.83
0.85,36.9,37.47,37.34,37.1,37.44,37.71
0.851,36.92,37.44,37.18,37.09,37.4,37.6
0.853,36.79,37.45,37.09,37.08,37.35,37.6
0.854,36.7,37.44,37.03,37.09,37.33,37.59
0.856,36.65,37.43,37.03,37.1,37.41,37.58
0.857,36.6,37.48,37.02,37.09,37.28,37.55
0.858,36.52,37.52,36.93,37.05,37.22,37.5
0.86,36.5,37.53,36.96,37.04,37.23,37.5
0.861,36.43,37.48,36.99,37.09,37.21,37.5
0.863,36.36,37.38,37,37.07,37.15,37.47
0.864,36.27,37.41,37.09,37,37.09,37.49
0.865,36.29,37.33,37.14,37.14,37.08,37.36
0.867,36.49,37.27,37.17,37.27,37.01,37.43
0.868,36.61,37.36,37.13,37.25,36.95,37.46
0.869,36.78,37.32,37.11,37.27,36.94,37.46
0.871,36.85,37.33,37.05,37.26,36.98,37.47
0.872,36.78,37.33,37.01,37.14,36.98,37.39
0.874,36.71,37.34,36.89,37.12,36.93,37.34
0.875,36.61,37.39,36.92,37.05,36.99,37.35
0.876,36.61,37.42,37,37.02,36.92,37.25
0.878,36.62,37.41,36.93,36.95,36.91,37.09
0.879,36.98,37.47,37.21,37.01,36.94,37.12
0.881,37.02,37.39,37.22,37.04,36.92,37.18
0.882,37,37.31,37.16,37.02,36.89,37.1
0.883,36.98,37.28,37.15,36.96,36.99,37.07
0.885,36.85,37.29,37.12,37.02,36.99,37.11
0.886,36.83,37.23,37.1,37,36.98,37.27
0.888,36.85,37.14,37.03,36.97,37.02,37.31
0.889,36.47,37.09,36.97,36.95,37.01,37.27
0.89,36.49,37.14,36.94,36.95,36.98,37.34
0.892,36.39,37.08,36.9,36.99,37.04,37.35
0.893,36.44,37.11,36.89,37.12,37,37.42
0.894,36.64,37.18,36.88,37.05,37,37.45
0.896,36.88,37.19,36.85,36.99,36.97,37.55
0.897,36.95,37.14,36.81,36.92,36.92,37.57
0.899,36.82,37.25,36.76,36.95,36.92,37.59
0.9,37.1,37.36,36.82,36.98,36.96,37.56
0.901,37.22,37.44,36.9,37.02,37,37.48
0.903,37.24,37.48,36.96,37.02,36.97,37.32
0.904,37.17,37.48,37.01,37.09,36.88,37.27
0.906,37.09,37.39,37.14,37.21,36.82,37.36
0.907,37.06,37.5,37.29,37.21,36.81,37.35
0.908,37.09,37.62,37.35,37.2,36.9,37.34
0.91,37.08,37.68,37.35,37.25,36.84,37.32
0.911,37.04,37.63,37.29,37.29,36.83,37.35
0.913,36.97,37.67,37.24,37.31,36.93,37.3
0.914,36.93,37.65,37.22,37.43,36.83,37.29
0.915,36.97,37.66,37.08,37.45,36.68,37.4
0.917,37.04,37.62,37.06,37.35,36.66,37.5
0.918,37.07,37.59,37.09,37.28,36.72,37.5
0.919,37.14,37.58,37.11,37.22,36.91,37.46
0.921,37.27,37.59,37.18,37.32,36.89,37.45
0.922,37.31,37.55,37.22,37.39,36.9,37.41
0.924,37.36,37.44,37.19,37.3,36.97,37.36
0.925,37.45,37.48,37.14,37.21,37.01,37.32
0.926,37.5,37.41,37.11,37.37,37.12,37.34
0.928,37.5,37.43,37.03,37.28,36.99,37.31
0.929,37.55,37.48,37.01,37.27,36.81,37.16
0.931,37.52,37.6,37.01,37.26,36.85,37.12
0.932,37.35,37.61,37.15,37.27,36.87,37.21
0.933,37.19,37.6,37.19,37.26,36.84,37.17
0.935,37.22,37.59,37.28,37.27,36.76,37.07
0.936,37.3,37.56,37.25,37.17,36.73,37.11
0.938,37.26,37.54,37.29,37.13,36.67,37.2
0.939,37.21,37.56,37.19,37.18,36.63,37.2
0.94,37.15,37.59,37.12,37.33,36.52,37.22
0.942,37.09,37.5,37.08,37.34,36.47,37.28
0.943,37.07,37.59,37.03,37.25,36.42,37.44
0.944,37.02,37.59,37,37.3,36.43,37.64
0.946,36.94,37.71,36.96,37.21,36.49,37.8
0.947,36.96,37.72,36.9,37.15,36.47,37.78
0.949,37.06,37.69,36.82,37.16,36.44,37.78
0.95,36.98,37.66,36.81,37.29,36.39,37.68
0.951,37.05,37.64,36.79,37.37,36.36,37.61
0.953,37.14,37.62,36.8,37.21,36.41,37.59
0.954,37.03,37.51,36.81,37.22,36.37,37.67
0.956,36.94,37.48,36.73,37.22,36.39,37.73
0.957,36.92,37.48,36.73,37.18,36.57,37.8
0.958,36.84,37.41,36.8,37.25,36.62,37.77
0.96,36.96,37.41,36.9,37.35,36.82,37.71
0.961,37,37.32,37.05,37.32,36.79,37.69
0.963,36.95,37.18,37.22,37.33,36.74,37.51
0.964,37.05,37.13,37.15,37.26,36.73,37.39
0.965,37.09,37.18,37.19,37.24,36.82,37.36
0.967,37.05,37.22,37.37,37.21,36.96,37.37
0.968,37.03,37.19,37.4,37.32,37.02,37.35
0.969,37.05,37.23,37.43,37.33,37.02,37.29
0.971,36.96,37.23,37.38,37.27,37,37.23
0.972,36.88,37.27,37.32,37.12,37.1,37.21
0.974,36.77,37.31,37.4,37.14,37.09,37.22
0.975,36.74,37.34,37.4,37.17,37.07,37.26
0.976,36.82,37.37,37.32,37.18,36.94,37.26
0.978,36.94,37.39,37.26,37.15,36.96,37.24
0.979,36.92,37.37,37.27,37.07,37.06,37.16
0.981,36.9,37.38,37.25,37.14,36.98,37.22
0.982,36.84,37.29,37.19,37.23,37.11,37.16
0.983,36.8,37.18,37.01,37.27,37.27,37.18
0.985,36.77,37.2,36.94,37.37,37.26,37.22
0.986,36.76,37.24,36.9,37.46,37.32,37.3
0.988,36.83,37.24,36.85,37.52,37.31,37.37
0.989,36.69,37.14,36.8,37.49,37.37,37.47
0.99,36.62,37.15,36.81,37.47,37.35,37.49
0.992,36.65,37.23,36.83,37.52,37.3,37.47
0.993,36.76,37.27,36.96,37.53,37.28,37.45
0.994,36.9,37.23,36.88,37.52,37.26,37.48
0.996,36.77,37.22,36.84,37.42,37.23,37.41
0.997,36.98,37.24,36.91,37.37,37.25,37.53
0.999,37.06,37.27,37.22,37.35,37.24,37.69
1,37.01,37.27,37.36,37.28,37.07,37.78
1.001,36.97,37.23,37.42,37.3,37.05,37.83
1.003,36.87,37.23,37.5,37.34,37.15,37.91
1.004,36.85,37.33,37.67,37.35,37.31,37.96
1.006,36.96,37.28,37.75,37.28,37.45,37.98
1.007,37,37.33,37.66,37.29,37.39,37.95
1.008,36.94,37.37,37.69,37.34,37.35,37.88
1.01,36.84,37.37,37.71,37.41,37.41,37.74
1.011,36.81,37.43,37.66,37.45,37.42,37.76
1.013,36.88,37.57,37.64,37.49,37.31,37.81
1.014,36.87,37.51,37.57,37.65,37.38,37.89
1.015,36.78,37.46,37.51,37.68,37.48,37.94
1.017,36.69,37.36,37.45,37.68,37.59,37.87
1.018,36.6,37.29,37.38,37.64,37.56,37.76
1.019,36.62,37.21,37.34,37.59,37.54,37.66
1.021,36.72,37.26,37.36,37.55,37.48,37.68
1.022,36.63,37.23,37.32,37.57,37.42,37.62
1.024,36.56,37.17,37.25,37.58,37.41,37.51
1.025,36.62,37.19,37.17,37.55,37.34,37.44
1.026,36.67,37.19,37.1,37.49,37.29,37.37
1.028,36.71,37.16,37.03,37.53,37.28,37.3
1.029,36.77,37.17,36.98,37.64,37.21,37.15
1.031,36.82,37.2,36.95,37.74,37.22,37.06
1.032,36.79,37.19,37.05,37.75,37.2,37.1
1.033,36.78,37.22,37.04,37.73,37.24,37.09
1.035,36.8,37.27,36.99,37.75,37.25,37.05
1.036,36.87,37.29,36.91,37.75,37.18,37.02
1.038,36.91,37.3,36.84,37.69,37.16,37.01
1.039,36.99,37.31,36.87,37.71,37.12,37.08
1.04,37.05,37.38,36.89,37.83,37.08,37.13
1.042,37.04,37.35,36.91,37.81,37.09,37.05
1.043,37.05,37.36,37.03,37.79,37,36.94
1.044,37.06,37.34,37.17,37.76,36.91,36.99
1.046,37.05,37.3,37.31,37.78,36.94,37.17
1.047,37.01,37.23,37.36,37.73,37.07,37.16
1.049,36.92,37.18,37.59,37.75,37.08,37.36
1.05,36.9,37.13,37.73,37.71,37.11,37.41
1.051,36.96,37.09,37.78,37.68,37.14,37.45
1.053,36.92,37.08,37.83,37.64,37.07,37.42
1.054,37,37.04,37.83,37.61,37.15,37.29
1.056,37.08,37.01,37.89,37.57,37.08,37.34
1.057,37.28,36.96,37.9,37.53,36.99,37.45
1.058,37.3,36.88,37.88,37.56,37,37.47
1.06,37.26,36.84,37.88,37.58,37.05,37.44
1.061,37.22,36.74,37.84,37.64,37.14,37.3
1.063,37.14,36.66,37.83,37.63,37.17,37.21
1.064,37.03,36.71,37.79,37.59,37.17,37.25
1.065,36.91,36.79,37.74,37.53,37.04,37.2
1.067,36.88,36.9,37.72,37.42,36.94,37.14
1.068,36.85,36.95,37.68,37.37,36.89,37.09
1.069,36.86,37.05,37.64,37.38,36.9,37.02
1.071,36.84,37.07,37.6,37.43,36.89,37.02
1.072,36.79,37.05,37.62,37.48,36.9,37
1.074,36.74,37.03,37.54,37.49,36.91,36.96
1.075,36.74,37.07,37.44,37.4,36.93,36.97
1.076,36.75,37.09,37.29,37.38,36.91,36.99
1.078,36.71,37.12,37.2,37.45,36.83,36.95
1.079,36.52,37.1,37.15,37.42,36.84,36.87
1.081,36.42,37.12,37.09,37.37,36.85,36.74
1.082,36.59,37.13,37.02,37.27,36.97,36.67
1.083,36.53,37.11,36.97,37.11,37,36.75
1.085,36.46,37.13,36.94,37.05,36.98,36.77
1.086,36.46,37.19,36.91,37.07,37,36.74
1.088,36.34,37.12,36.8,37.1,36.97,36.75
1.089,36.52,37.04,36.75,37.17,36.95,36.67
1.09,36.55,37.01,36.76,37.17,37.03,36.64
1.092,36.56,36.98,36.8,37.18,37.06,36.66
1.093,36.58,36.92,36.94,37.25,36.97,36.73
1.094,36.65,36.89,37.09,37.19,36.95,36.7
1.096,36.59,36.85,37.21,37.08,36.96,36.72
1.097,36.51,36.83,37.39,37.08,36.97,36.72
1.099,36.47,36.83,37.51,37.19,36.91,36.71
1.1,36.5,36.8,37.48,37.26,36.87,36.79
1.101,36.35,36.8,37.59,37.18,36.78,36.87
1.103,36.32,36.77,37.6,37.25,36.75,36.94
1.104,36.41,36.74,37.53,37.28,36.76,37.05
1.106,36.42,36.68,37.72,37.17,36.8,37.16
1.107,36.42,36.64,37.79,37.01,36.87,36.98
1.108,36.23,36.57,37.75,37.09,36.88,36.93
1.11,36.02,36.56,37.71,37.1,36.91,37.02
1.111,36,36.66,37.66,37.14,36.93,37.2
1.113,36.19,36.69,37.59,37.13,36.92,37.26
1.114,36.28,36.76,37.57,37.09,36.91,37.25
1.115,36.36,36.7,37.51,37.12,36.84,37.23
1.117,36.32,36.78,37.44,37.13,36.77,37.15
1.118,36.28,36.8,37.38,37.12,36.73,37.11
1.119,36.23,36.88,37.26,37.09,37.02,37.12
1.121,36.11,37.01,37.18,37.05,36.86,37.13
1.122,36.08,37.1,37.12,37.04,36.79,36.95
1.124,36.21,37.14,37.05,37.06,36.8,36.88
1.125,36.25,37.12,36.98,37.02,36.9,36.89
1.126,36.4,37.08,36.93,36.99,37.03,36.86
1.128,36.49,37.06,36.91,36.94,37.21,36.99
1.129,36.6,37.03,36.85,36.89,37.21,37.02
1.131,36.55,37.01,36.85,36.89,37.24,36.98
1.132,36.4,36.96,36.83,36.86,37.21,36.98
1.133,36.36,36.9,36.81,36.84,37.16,36.94
1.135,36.6,36.82,36.83,36.82,37.15,37.13
1.136,36.68,36.71,36.86,36.83,37.09,37.3
1.138,36.65,36.64,36.89,36.86,37.03,37.58
1.139,36.81,36.58,36.86,36.86,37.04,37.62
1.14,36.78,36.51,36.97,36.84,37.04,37.67
1.142,36.65,36.5,37,36.79,37.04,37.63
1.143,36.6,36.49,37.1,36.76,37.03,37.65
1.144,36.53,36.46,37.13,36.82,37.05,37.72
1.146,36.52,36.4,37.19,36.99,37.16,37.77
1.147,36.57,36.25,37.25,37.03,37.21,37.69
1.149,36.51,36.14,37.28,37.11,37.18,37.63
1.15,36.57,36.05,37.45,37.15,37.25,37.6
1.151,36.62,36.1,37.66,37.25,37.34,37.6
1.153,36.63,36.14,37.64,37.29,37.44,37.54
1.154,36.59,36.18,37.67,37.3,37.47,37.48
1.156,36.68,36.21,37.76,37.3,37.45,37.31
1.157,36.79,36.27,37.84,37.25,37.53,37.28
1.158,36.71,36.22,37.9,37.21,37.54,37.31
1.16,36.74,36.16,37.93,37.07,37.53,37.44
1.161,36.67,36.17,37.96,37.03,37.56,37.49
1.163,36.68,36.13,38.01,37.05,37.56,37.53
1.164,36.64,36.04,38.07,37.09,37.57,37.49
1.165,36.56,36,38.08,37.08,37.46,37.44
1.167,36.49,36.07,38.04,37.01,37.3,37.45
1.168,36.46,36.13,38.01,37.1,37.58,37.46
1.169,36.44,36.35,37.97,37.07,37.55,37.42
1.171,36.37,36.47,37.96,37.19,37.52,37.38
1.172,36.35,36.5,37.9,37.41,37.44,37.48
1.174,36.48,36.55,37.83,37.53,37.48,37.81
1.175,36.46,36.57,37.66,37.7,37.51,37.98
1.176,36.51,36.67,37.61,37.77,37.43,37.99
1.178,36.49,36.72,37.64,37.72,37.48,37.98
1.179,36.52,36.72,37.68,37.67,37.55,37.96
1.181,36.58,36.73,37.74,37.67,37.52,38.01
1.182,36.57,36.66,37.73,37.68,37.39,37.98
1.183,36.42,36.61,37.57,37.7,37.29,38.05
1.185,36.45,36.6,37.36,37.69,37.27,38.08
1.186,36.43,36.55,37.37,37.56,37.23,38.09
1.188,36.38,36.48,37.34,37.53,37.13,38.1
1.189,36.27,36.46,37.23,37.49,37.09,38.05
1.19,36.21,36.42,37.31,37.39,37.05,38.02
1.192,36.14,36.4,37.22,37.36,36.98,38.01
1.193,36.13,36.35,37.08,37.43,36.95,38.01
1.194,36.32,36.3,37.09,37.4,36.91,38.13
1.196,36.42,36.24,37.03,37.4,36.88,38.14
1.197,36.35,36.2,36.99,37.43,36.75,38.04
1.199,36.24,36.15,36.98,37.5,36.64,37.98
1.2,36.15,36.05,36.94,37.52,36.59,37.94
1.201,36.25,36.04,36.88,37.66,36.54,38.04
1.203,36.36,35.97,36.83,37.56,36.45,37.99
1.204,36.37,35.96,36.73,37.48,36.35,37.96
1.206,36.65,36.03,36.69,37.36,36.28,37.94
1.207,36.71,36.13,36.7,37.38,36.28,37.94
1.208,36.76,36.25,36.64,37.32,36.18,37.91
1.21,36.81,36.44,36.61,37.24,36.19,37.9
1.211,36.88,36.62,36.5,37.24,36.21,37.95
1.213,36.91,36.8,36.39,37.25,36.16,37.93
1.214,36.87,36.96,36.3,37.3,36.17,37.89
1.215,36.82,37.12,36.28,37.28,36.14,37.88
1.217,36.77,37.22,36.22,37.22,36.13,37.88
1.218,36.83,37.22,36.16,37.19,36.19,37.89
1.219,36.83,37.3,36.1,37.25,36.17,37.86
1.221,36.88,37.37,36.11,37.27,36.14,37.84
1.222,36.86,37.24,36.17,37.32,36.05,37.86
1.224,36.86,37.23,36.14,37.38,36.02,37.88
1.225,36.87,37.18,36.13,37.36,35.94,37.87
1.226,36.99,37.07,36.09,37.34,35.88,37.85
1.228,37.18,36.96,36.06,37.3,35.82,37.86
1.229,37.16,36.88,36.07,37.26,35.76,37.82
1.231,37.12,36.81,36.09,37.17,35.74,37.79
1.232,36.98,36.72,36.08,36.97,35.76,37.77
1.233,36.97,36.65,36.09,37.02,35.68,37.75
1.235,37.06,36.57,36.05,37.12,35.67,37.69
1.236,37.29,36.53,36.12,36.9,35.73,37.86
1.238,37.21,36.45,36.17,37,35.74,37.91
1.239,37.3,36.36,36.2,36.98,35.72,37.79
1.24,37.44,36.29,36.17,36.89,35.67,37.76
1.242,37.49,36.21,36.11,36.84,35.61,37.74
1.243,37.42,36.1,36.16,36.83,35.6,37.67
1.244,37.41,36.02,36.14,36.87,35.54,37.68
1.246,37.45,35.96,36.09,36.87,35.54,37.67
1.247,37.3,35.91,36.2,36.86,35.62,37.65
1.249,37.3,35.86,36.21,36.84,35.61,37.59
1.25,37.19,35.79,36.04,36.81,35.7,37.5
1.251,37.22,35.74,35.96,36.63,35.7,37.43
1.253,37.27,35.7,35.98,36.58,35.66,37.38
1.254,37.19,35.6,35.93,36.6,35.72,37.39
1.256,37.13,35.55,35.86,36.58,35.78,37.41
1.257,37.08,35.51,35.8,36.49,35.94,37.38
1.258,37.03,35.49,35.73,36.48,35.99,37.25
1.26,36.81,35.46,35.69,36.44,35.93,37.15
1.261,36.65,35.42,35.67,36.39,35.85,37.1
1.263,36.62,35.39,35.68,36.35,35.98,37.04
1.264,36.79,35.34,35.67,36.31,35.99,36.97
1.265,36.79,35.35,35.66,36.26,35.98,36.91
1.267,36.74,35.4,35.66,36.21,35.96,36.83
1.268,36.64,35.36,35.71,36.18,35.96,36.83
1.269,36.54,35.34,35.74,36.15,35.96,36.86
1.271,36.46,35.34,35.64,36.13,35.93,36.85
1.272,36.41,35.36,35.67,36.05,35.77,36.84
1.274,36.35,35.4,35.76,35.97,35.79,36.84
1.275,36.29,35.52,35.88,35.97,35.89,36.8
1.276,36.23,35.65,35.92,35.98,35.99,36.84
1.278,36.17,35.66,35.93,35.95,36.1,36.83
1.279,36.12,35.74,35.95,35.91,36.06,36.74
1.281,36.1,35.78,35.91,35.88,36.14,36.68
1.282,36.09,35.78,35.88,35.84,36.21,36.63
1.283,36.05,35.73,35.87,35.83,36.31,36.55
1.285,35.99,35.74,35.83,35.84,36.39,36.5
1.286,35.94,35.92,35.81,35.93,36.5,36.43
1.288,35.9,36.08,35.8,35.99,36.67,36.39
1.289,35.86,36.21,35.82,36.03,36.66,36.31
1.29,35.74,36.29,35.85,36.1,36.83,36.22
1.292,35.74,36.35,35.85,36.14,36.77,36.16
1.293,35.74,36.39,35.85,36.15,36.81,36.28
1.294,35.82,36.37,35.82,36.17,36.87,36.27
1.296,35.93,36.39,35.7,36.17,36.88,36.15
1.297,36,36.44,35.69,36.19,36.87,36.15
1.299,36.06,36.44,35.67,36.19,36.83,36.22
1.3,36.13,36.42,35.67,36.2,36.78,36.37
1.301,36.11,36.39,35.65,36.2,36.69,36.4
1.303,35.99,36.36,35.58,36.19,36.65,36.49
1.304,36.02,36.32,35.52,36.21,36.58,36.55
1.306,36.11,36.26,35.55,36.21,36.54,36.59
1.307,36.08,36.26,35.61,36.2,36.5,36.68
1.308,36,36.26,35.75,36.18,36.47,36.75
1.31,35.95,36.27,35.77,36.17,36.44,36.79
1.311,35.86,36.2,35.9,36.1,36.42,36.8
1.313,36.05,36.2,35.93,36.03,36.39,36.79
1.314,36,36.22,35.95,36,36.36,36.78
1.315,35.98,36.23,36.1,36.01,36.29,36.74
1.317,36.01,36.17,36.19,36,36.25,36.73
1.318,35.94,36.1,36.16,35.98,36.24,36.78
1.319,35.99,36.03,36.09,35.98,36.22,36.78
1.321,36.02,35.96,36,35.97,36.15,36.76
1.322,36.12,35.91,35.96,35.99,36.11,36.79
1.324,36.2,35.9,35.93,36,36.09,36.76
1.325,36.14,35.84,35.88,36.04,36.06,36.83
1.326,36.15,35.83,35.89,36.08,36.05,36.83
1.328,36.15,35.81,35.93,36.2,36.05,36.79
1.329,36.11,35.75,36.03,36.39,36.07,36.71
1.331,36,35.71,36.11,36.46,36.05,36.7
1.332,35.86,35.7,36.18,36.35,36.01,36.65
1.333,35.89,35.74,36.27,36.61,35.97,36.6
1.335,35.92,35.73,36.31,36.68,35.91,36.62
1.336,35.8,35.7,36.36,36.79,35.8,36.65
1.338,35.84,35.68,36.4,36.84,35.7,36.58
1.339,35.8,35.67,36.38,36.9,35.67,36.55
1.34,35.71,35.68,36.4,36.98,35.66,36.55
1.342,35.6,35.69,36.42,37.01,35.66,36.56
1.343,35.49,35.68,36.36,37.03,35.66,36.52
1.344,35.4,35.66,36.34,37.04,35.69,36.44
1.346,35.49,35.64,36.34,37.11,35.76,36.48
1.347,35.45,35.61,36.3,37.01,35.81,36.44
1.349,35.36,35.6,36.25,36.98,35.82,36.4
1.35,35.35,35.61,36.13,36.91,35.98,36.35
1.351,35.39,35.62,36.11,36.79,36.11,36.27
1.353,35.35,35.62,36.02,36.68,36.27,36.22
1.354,35.31,35.59,36.19,36.64,36.35,36.18
1.356,35.22,35.54,36.22,36.61,36.42,36.15
1.357,35.18,35.5,36.22,36.57,36.45,36.1
1.358,35.27,35.43,36.2,36.52,36.53,36.1
1.36,35.2,35.5,36.16,36.46,36.54,36.1
1.361,35.1,35.57,36.08,36.39,36.52,36.05
1.363,35.11,35.62,36.09,36.33,36.44,36.03
1.364,35.26,35.63,36.08,36.27,36.39,36.02
1.365,35.47,35.66,36.04,36.21,36.34,35.98
1.367,35.53,35.68,35.99,36.15,36.29,35.9
1.368,35.88,35.76,35.95,36.12,36.21,35.84
1.369,36.01,35.79,35.92,36.09,36.16,35.81
1.371,36.02,35.81,35.89,36.05,36.13,35.81
1.372,36.03,35.84,35.85,36.01,36.17,35.81
1.374,36.05,35.95,35.85,35.94,36.18,35.79
1.375,36.05,36.03,35.77,35.9,36.16,35.7
1.376,36.07,36.05,35.73,35.88,36.14,35.81
1.378,36.05,36.1,35.73,35.86,36.11,35.86
1.379,36.02,36.1,35.63,35.84,36.07,35.9
1.381,36.01,36.24,35.56,35.84,36.04,35.91
1.382,35.9,36.34,35.7,35.81,36.04,35.9
1.383,35.8,36.41,35.74,35.8,36.03,35.9
1.385,35.79,36.43,35.74,35.79,36,35.9
1.386,35.81,36.42,35.72,35.78,35.98,35.9
1.388,35.83,36.36,35.7,35.79,35.95,35.92
1.389,35.8,36.3,35.68,35.81,35.9,36
1.39,35.76,36.27,35.67,35.84,35.91,36.06
1.392,35.74,36.24,35.72,35.91,35.89,36.01
1.393,35.72,36.19,35.73,35.9,35.88,35.99
1.394,35.71,36.11,35.82,36.03,35.85,35.94
1.396,35.7,36.09,35.93,36.08,35.84,35.9
1.397,35.68,36.04,35.94,36.11,35.8,35.87
1.399,35.63,35.99,35.97,36.1,35.75,35.82
1.4,35.54,35.94,35.96,36.09,35.66,35.78
1.401,35.52,35.81,35.93,36.1,35.71,35.74
1.403,35.52,35.7,35.93,36.1,35.73,35.72
1.404,35.62,35.67,35.87,36.1,35.78,35.72
1.406,35.62,35.67,35.82,36.12,35.82,35.71
1.407,35.51,35.76,35.76,36.15,35.89,35.7
1.408,35.53,35.82,35.77,36.15,35.94,35.68
1.41,35.63,35.86,35.82,36.18,36.07,35.66
1.411,35.78,35.92,35.83,36.19,36.13,35.66
1.413,35.79,35.96,35.8,36.25,36.14,35.63
1.414,35.71,36,35.77,36.31,36.18,35.61
1.415,35.65,36.05,35.81,36.38,36.19,35.62
1.417,35.56,36.09,35.88,36.39,36.19,35.61
1.418,35.5,36.09,35.9,36.39,36.15,35.6
1.419,35.44,36.19,35.75,36.37,36.13,35.56
1.421,35.34,36.19,35.9,36.36,36.1,35.46
1.422,35.27,36.21,36.06,36.3,36.07,35.63
1.424,35.17,36.29,36.16,36.27,36.03,35.77
1.425,35.23,36.32,36.21,36.25,35.98,35.84
1.426,35.3,36.34,36.22,36.25,35.97,36.07
1.428,35.36,36.29,36.24,36.29,35.98,36.31
1.429,35.38,36.25,36.27,36.31,35.99,36.45
1.431,35.43,36.21,36.23,36.31,35.91,36.46
1.432,35.54,36.17,36.09,36.27,35.89,36.58
1.433,35.62,36.14,36.12,36.24,35.83,36.7
1.435,35.67,36.1,36.22,36.21,35.89,36.76
1.436,35.62,36.08,36.3,36.16,35.88,36.79
1.438,35.59,36.06,36.33,36.14,35.85,36.88
1.439,35.59,36.03,36.3,36.12,35.79,36.85
1.44,35.56,36,36.27,36.09,35.79,36.67
1.442,35.54,35.96,36.24,36.06,35.83,36.67
1.443,35.59,35.92,36.18,36.06,35.84,36.86
1.444,35.55,35.9,36.25,36.08,35.82,36.85
1.446,35.48,35.91,36.24,36.17,35.84,36.79
1.447,35.66,35.93,36.22,36.31,35.83,36.65
1.449,35.68,35.95,36.19,36.45,35.8,36.78
1.45,35.66,35.98,36.17,36.57,35.78,36.69
1.451,35.62,36.02,36.14,36.64,35.77,36.61
1.453,35.8,36.03,36.12,36.68,35.74,36.48
1.454,35.87,36.05,36.1,36.74,35.73,36.38
1.456,35.85,36.01,36.09,36.82,35.73,36.32
1.457,35.83,35.99,36.07,36.83,35.71,36.31
1.458,35.83,35.98,36.03,36.81,35.69,36.3
1.46,35.8,35.95,35.99,36.72,35.67,36.29
1.461,35.76,35.94,35.94,36.71,35.64,36.26
1.463,35.71,35.84,35.93,36.68,35.63,36.24
1.464,35.68,35.78,35.89,36.56,35.65,36.24
1.465,35.67,35.73,35.9,36.48,35.62,36.22
1.467,35.64,35.7,35.9,36.44,35.6,36.2
1.468,35.61,35.66,35.91,36.38,35.58,36.19
1.469,35.59,35.68,35.86,36.36,35.53,36.18
1.471,35.62,35.71,35.85,36.32,35.53,36.14
1.472,35.55,35.73,35.84,36.27,35.5,36.14
1.474,35.53,35.73,35.82,36.28,35.46,36.17
1.475,35.61,35.73,35.75,36.26,35.44,36.2
1.476,35.72,35.71,35.72,36.23,35.42,36.19
1.478,35.7,35.69,35.7,36.2,35.4,36.19
1.479,35.69,35.68,35.66,36.16,35.35,36.11
1.481,35.68,35.67,35.66,36.15,35.32,36.06
1.482,35.62,35.67,35.69,36.11,35.23,36.09
1.483,35.58,35.67,35.67,36.1,35.21,36.13
1.485,35.51,35.64,35.7,36.09,35.25,36.06
1.486,35.51,35.66,35.7,36.01,35.31,36.09
1.488,35.54,35.64,35.73,35.98,35.45,36.13
1.489,35.58,35.63,35.79,35.99,35.65,36.16
1.49,35.64,35.61,35.78,35.97,35.72,36.07
1.492,35.59,35.59,35.66,35.94,35.76,36.05
1.493,35.52,35.59,35.61,35.94,35.76,36.05
1.494,35.44,35.58,35.59,35.94,35.73,36.04
1.496,35.39,35.56,35.67,35.9,35.7,36.1
1.497,35.55,35.52,35.68,35.87,35.68,36.13
1.499,35.57,35.49,35.75,35.87,35.65,36.1
1.5,35.54,35.5,35.74,35.89,35.63,36.08
1.501,35.49,35.47,35.88,35.88,35.63,36.07
1.503,35.46,35.44,35.97,35.87,35.59,36.06
1.504,35.43,35.45,36.12,35.87,35.56,36.04
1.506,35.45,35.47,36.1,35.86,35.53,36.02
1.507,35.49,35.51,36.16,35.85,35.54,36.01
1.508,35.47,35.52,36.08,35.86,35.59,36.02
1.51,35.28,35.53,36.2,35.86,35.62,36.02
1.511,35.21,35.51,36.23,35.83,35.54,36.01
1.513,35.21,35.49,36.29,35.78,35.54,35.98
1.514,35.23,35.49,36.3,35.76,35.52,35.95
1.515,35.19,35.48,36.27,35.78,35.49,35.94
1.517,35.15,35.47,36.36,35.77,35.5,35.93
1.518,35.13,35.47,36.31,35.76,35.52,35.89
1.519,35.11,35.45,36.24,35.74,35.53,35.85
1.521,35.1,35.41,36.21,35.74,35.54,35.83
1.522,35.09,35.39,36.19,35.83,35.52,35.82
1.524,35.13,35.4,36.16,35.81,35.52,35.83
1.525,35.14,35.44,36.18,35.83,35.51,35.82
1.526,35.32,35.55,36.21,35.93,35.44,35.79
1.528,35.41,35.62,36.2,35.96,35.34,35.74
1.529,35.56,35.72,36.2,36.01,35.31,35.68
1.531,35.57,35.82,36.21,35.99,35.43,35.65
1.532,35.55,35.88,36.15,35.92,35.49,35.65
1.533,35.43,35.9,36.08,35.85,35.56,35.64
1.535,35.37,35.93,36.02,35.81,35.7,35.64
1.536,35.49,35.92,35.94,35.74,35.72,35.71
1.538,35.57,35.85,35.88,35.72,35.79,35.77
1.539,35.57,35.79,35.85,35.73,35.87,35.82
1.54,35.56,35.76,35.8,35.73,35.85,35.79
1.542,35.56,35.7,35.76,35.73,35.87,36.01
1.543,35.51,35.64,35.73,35.73,35.94,36.07
1.544,35.46,35.62,35.71,35.71,35.93,35.97
1.546,35.45,35.61,35.71,35.69,35.95,35.91
1.547,35.49,35.59,35.67,35.67,36.03,35.9
1.549,35.5,35.57,35.68,35.66,36.07,35.91
1.55,35.47,35.55,35.86,35.64,36.07,36.04
1.551,35.36,35.54,35.9,35.62,36.06,36.03
1.553,35.31,35.49,35.95,35.61,36.06,36.04
1.554,35.37,35.5,36.08,35.59,36.01,36.02
1.556,35.46,35.54,36.04,35.58,35.97,35.99
1.557,35.7,35.56,36.14,35.57,35.95,35.96
1.558,35.62,35.59,36.17,35.62,35.96,35.96
1.56,35.77,35.67,36.22,35.6,35.88,35.99
1.561,35.81,35.81,36.27,35.58,35.81,36.1
1.563,35.77,35.89,36.33,35.55,35.79,36.18
1.564,35.86,36,36.3,35.51,35.87,36.28
1.565,35.87,36.1,36.3,35.51,35.9,36.49
1.567,35.86,36.2,36.31,35.52,35.9,36.58
1.568,35.84,36.37,36.45,35.51,36.06,36.62
1.569,35.85,36.34,36.52,35.49,36.03,36.69
1.571,35.82,36.26,36.46,35.49,36.06,36.66
1.572,35.83,36.27,36.34,35.5,36.11,36.57
1.574,35.83,36.26,36.28,35.56,36.18,36.53
1.575,35.81,36.22,36.25,35.6,36.14,36.55
1.576,35.85,36.16,36.19,35.67,36.11,36.41
1.578,35.84,36.1,36.13,35.76,36.08,36.47
1.579,35.79,36.05,36.06,35.86,36.02,36.48
1.581,35.8,36.04,35.98,35.86,35.96,36.45
1.582,35.84,36.08,35.94,35.87,35.9,36.55
1.583,35.87,36.08,35.86,36,35.88,36.57
1.585,35.83,36.06,35.8,36.02,35.85,36.6
1.586,35.8,36.03,35.8,36.07,35.84,36.58
1.588,35.81,36.02,35.87,36.13,35.81,36.57
1.589,35.93,35.97,35.91,36.16,35.79,36.6
1.59,36.04,35.96,35.91,36.19,35.78,36.5
1.592,36.1,35.99,35.82,36.12,35.75,36.53
1.593,36.1,35.99,35.78,36.14,35.74,36.49
1.594,36.08,35.97,35.84,36.15,35.74,36.45
1.596,36.02,35.88,35.87,36.32,35.73,36.4
1.597,36.02,35.82,35.96,36.33,35.69,36.38
1.599,36,35.79,36.04,36.36,35.67,36.36
1.6,35.99,35.77,36.07,36.44,35.65,36.28
1.601,35.99,35.76,36.01,36.44,35.59,36.19
1.603,36.01,35.75,36.02,36.38,35.57,36.15
1.604,36.05,35.77,36.11,36.48,35.55,36.15
1.606,36.03,35.79,36.11,36.45,35.5,36.17
1.607,36.01,35.75,36.1,36.44,35.47,36.17
1.608,36.02,35.75,36.03,36.48,35.45,36.17
1.61,35.96,35.74,36,36.42,35.42,36.18
1.611,35.94,35.8,36.03,36.37,35.45,36.16
1.613,35.91,35.79,36.13,36.45,35.47,36.11
1.614,35.88,35.77,36.15,36.53,35.48,35.98
1.615,35.86,35.78,36.21,36.61,35.49,35.95
1.617,35.82,35.81,36.25,36.64,35.49,35.94
1.618,35.62,35.78,36.3,36.63,35.49,35.94
1.619,35.67,35.76,36.34,36.57,35.48,35.98
1.621,35.7,35.74,36.38,36.54,35.49,35.96
1.622,35.71,35.74,36.35,36.52,35.52,35.93
1.624,35.85,35.78,36.27,36.49,35.58,35.89
1.625,35.87,35.82,36.24,36.45,35.57,35.84
1.626,35.88,35.87,36.14,36.34,35.53,35.83
1.628,35.85,35.93,36.08,36.28,35.63,35.79
1.629,35.87,35.97,36.04,36.25,35.51,35.89
1.631,36.07,35.99,35.99,36.21,35.45,35.89
1.632,36.11,36.08,35.97,36.17,35.47,35.93
1.633,36.14,36.24,35.94,36.13,35.65,35.93
1.635,36.13,36.26,35.91,36.12,35.71,35.9
1.636,36.11,36.3,35.89,36.11,35.74,35.88
1.638,36.07,36.29,35.89,36.15,35.84,35.79
1.639,36.07,36.35,35.93,36.13,35.93,35.73
1.64,36.04,36.38,36,36.07,36.01,35.76
1.642,35.99,36.38,35.99,36.09,36.09,35.73
1.643,35.94,36.44,35.97,36.08,36.14,35.81
1.644,35.85,36.46,36.02,36.07,36.21,35.8
1.646,35.66,36.39,35.99,36.09,36.24,35.89
1.647,35.68,36.31,35.98,36.09,36.15,35.93
1.649,35.76,36.3,35.97,36.07,36.17,35.96
1.65,35.82,36.34,35.97,36.03,36.14,36.09
1.651,35.73,36.35,35.96,36.01,36.13,36.11
1.653,35.88,36.35,35.98,35.98,36.17,35.99
1.654,35.99,36.32,35.99,35.97,36.18,36.15
1.656,36.05,36.31,35.96,35.95,36.18,36.2
1.657,36.13,36.28,35.97,35.95,36.17,36.17
1.658,36.26,36.21,35.84,35.95,36.14,36.16
1.66,36.24,36.15,35.96,35.94,36.11,36.14
1.661,36.2,36.08,36.09,35.95,36.08,36.11
1.663,36.19,36.04,36.1,35.95,36.06,36.11
1.664,36.17,35.97,36.11,35.94,36.04,36.14
1.665,36.16,36.01,36.13,35.94,36.02,36.14
1.667,36.01,36.06,36.13,35.93,36.02,36.2
1.668,36.1,36.06,36.12,35.93,36.01,36.2
1.669,36.12,36.05,36.16,35.92,36.11,36.21
1.671,36.07,36.04,36.18,35.91,36.11,36.24
1.672,36.09,36.05,36.21,35.87,36.12,36.27
1.674,36.08,36.04,36.21,35.8,36.15,36.22
1.675,36.04,36.03,36.2,35.78,36.18,36.18
1.676,36.01,36.02,36.2,35.98,36.15,36.15
1.678,35.96,36.02,36.18,36.02,36.1,36.12
1.679,35.9,36,36.16,36.06,36.1,36.11
1.681,35.8,35.98,36.13,36.06,36.1,36.14
1.682,35.87,35.99,36.09,36.04,36.12,36.13
1.683,35.83,36.03,36.13,36.03,36.1,36.15
1.685,35.92,36,36.24,36.03,36.12,36.15
1.686,35.97,36.1,36.29,35.95,36.1,36.14
1.688,35.89,36.17,36.27,35.97,36.02,36.16
1.689,35.88,36.2,36.24,36.09,35.97,36.23
1.69,35.86,36.26,36.26,36.18,35.95,36.28
1.692,35.83,36.27,36.35,36.23,35.96,36.34
1.693,35.77,36.32,36.4,36.23,35.96,36.33
1.694,35.82,36.3,36.47,36.18,35.95,36.3
1.696,35.89,36.25,36.48,36.16,35.86,36.28
1.697,35.99,36.19,36.42,36.24,35.86,36.25
1.699,36.11,36.08,36.5,36.31,35.88,36.26
1.7,36.07,36.04,36.46,36.34,36.04,36.28
1.701,35.93,36.04,36.49,36.43,36.11,36.23
1.703,36.01,36.08,36.62,36.44,36.21,36.24
1.704,36.14,36.1,36.64,36.4,36.23,36.27
1.706,36.49,36.06,36.63,36.43,36.27,36.29
1.707,36.58,36.15,36.65,36.53,36.35,36.29
1.708,36.86,36.25,36.63,36.52,36.37,36.26
1.71,37.03,36.35,36.63,36.51,36.34,36.21
1.711,37.13,36.51,36.6,36.5,36.29,36.23
1.713,37.02,36.54,36.56,36.45,36.26,36.21
1.714,36.93,36.59,36.6,36.42,36.24,36.25
1.715,36.85,36.58,36.59,36.53,36.24,36.28
1.717,36.78,36.58,36.58,36.61,36.25,36.32
1.718,36.73,36.6,36.56,36.62,36.16,36.35
1.719,36.8,36.62,36.61,36.58,36.09,36.41
1.721,36.83,36.65,36.59,36.58,36.06,36.53
1.722,36.83,36.66,36.58,36.59,36.14,36.49
1.724,36.76,36.67,36.56,36.57,36.18,36.42
1.725,36.68,36.68,36.58,36.62,36.16,36.38
1.726,36.7,36.68,36.56,36.73,36.22,36.36
1.728,36.76,36.68,36.55,36.7,36.27,36.32
1.729,36.77,36.69,36.53,36.72,36.25,36.31
1.731,36.85,36.69,36.68,36.82,36.28,36.2
1.732,36.83,36.67,36.8,36.8,36.3,36.35
1.733,36.92,36.66,36.79,36.78,36.32,36.26
1.735,37.11,36.65,36.84,36.76,36.36,36.25
1.736,37.2,36.65,36.83,36.74,36.35,36.32
1.738,37.22,36.69,36.92,36.69,36.35,36.36
1.739,37.19,36.74,36.99,36.66,36.32,36.37
1.74,37.17,36.65,37.03,36.57,36.37,36.45
1.742,37.14,36.66,37.06,36.56,36.41,36.35
1.743,37.09,36.65,37.08,36.47,36.42,36.25
1.744,37.01,36.72,37,36.5,36.47,36.23
1.746,36.91,36.73,36.96,36.54,36.45,36.23
1.747,36.87,36.75,36.82,36.68,36.4,36.34
1.749,36.7,36.69,36.78,36.76,36.38,36.41
1.75,36.67,36.68,37,36.8,36.36,36.49
1.751,36.74,36.75,37.02,36.8,36.29,36.36
1.753,36.98,36.79,37.07,36.81,36.26,36.28
1.754,36.85,36.82,37.07,36.82,36.28,36.35
1.756,37.04,36.87,37.07,36.8,36.28,36.41
1.757,37.1,36.98,36.96,36.79,36.27,36.59
1.758,37.11,37.13,37.24,36.77,36.28,36.67
1.76,37.04,37.23,37.28,36.77,36.28,36.71
1.761,37.02,37.37,37.33,36.69,36.23,36.73
1.763,37.07,37.3,37.42,36.67,36.19,36.81
1.764,37.03,37.34,37.5,36.7,36.19,36.91
1.765,36.87,37.37,37.52,36.73,36.24,36.93
1.767,36.92,37.38,37.82,36.76,36.23,36.9
1.768,37.04,37.35,37.92,36.76,36.32,36.86
1.769,36.98,37.4,37.98,36.81,36.32,36.84
1.771,36.91,37.41,38.1,36.79,36.28,36.91
1.772,36.83,37.34,38.1,36.72,36.4,36.91
1.774,36.72,37.29,38.03,36.79,36.53,36.92
1.775,36.73,37.37,37.96,36.89,36.48,36.88
1.776,36.65,37.45,38.02,36.93,36.57,37.03
1.778,36.61,37.45,37.96,36.95,36.67,37.16
1.779,36.65,37.36,37.95,37.08,36.72,37.22
1.781,36.72,37.27,37.9,37.05,36.72,37.25
1.782,36.65,37.24,37.86,36.97,36.77,37.39
1.783,36.69,37.26,37.87,36.89,36.76,37.66
1.785,36.66,37.29,37.82,36.91,36.76,37.75
1.786,36.73,37.35,37.72,36.87,36.83,37.78
1.788,36.56,37.38,37.73,36.89,36.83,37.73
1.789,36.7,37.33,37.64,36.97,36.77,37.73
1.79,36.81,37.32,37.64,37.08,36.78,37.64
1.792,37,37.34,37.7,37.05,36.78,37.62
1.793,37.03,37.31,37.71,37.05,36.78,37.6
1.794,37.07,37.26,37.77,37.03,36.75,37.61
1.796,37.08,37.31,37.75,37.05,36.77,37.73
1.797,37.02,37.36,37.87,37.09,36.8,37.73
1.799,37.11,37.38,37.93,37.13,36.77,37.64
1.8,37.14,37.33,37.91,37.12,36.86,37.48
1.801,37.12,37.26,37.96,37.18,36.9,37.49
1.803,37.17,37.25,37.91,37.15,36.93,37.45
1.804,37.16,37.28,37.89,37.17,36.96,37.37
1.806,37.15,37.18,37.86,37.15,36.93,37.25
1.807,37.15,37.13,37.79,37.24,36.93,37.18
1.808,37.1,37.14,37.66,37.32,37,37.22
1.81,37.14,37.12,37.63,37.42,37.08,37.17
1.811,37.16,37.06,37.52,37.4,37.15,37.16
1.813,37.11,37.03,37.38,37.25,37.13,37.1
1.814,37.08,37.05,37.31,37.19,37.08,37.02
1.815,37.01,37.05,37.31,37.19,37.24,36.98
1.817,37.05,37.08,37.32,37.14,37.37,37.08
1.818,36.94,37.08,37.3,37.06,37.33,37.17
1.819,36.93,37.09,37.25,37.04,37.32,37.34
1.821,36.89,37.1,37.27,36.98,37.24,37.37
1.822,36.84,37.04,37.37,36.92,37.3,37.41
1.824,36.8,36.94,37.51,36.92,37.46,37.63
1.825,36.79,36.82,37.54,36.93,37.69,37.68
1.826,36.78,37.14,37.73,37,37.74,37.65
1.828,36.8,37.28,37.73,36.94,37.68,37.52
1.829,36.94,37.29,37.74,37.07,37.65,37.5
1.831,36.89,37.36,37.73,37.07,37.61,37.39
1.832,36.85,37.27,37.72,37.03,37.57,37.29
1.833,36.81,37.23,37.69,36.95,37.72,37.3
1.835,36.75,37.24,37.58,36.92,37.7,37.26
1.836,36.77,37.28,37.51,36.95,37.7,37.23
1.838,36.64,37.3,37.4,36.97,37.7,37.13
1.839,36.56,37.3,37.31,36.97,37.69,37.05
1.84,36.65,37.37,37.42,37.01,37.64,37.03
1.842,36.46,37.43,37.22,37,37.57,37.05
1.843,36.31,37.43,37.23,37.03,37.48,37.01
1.844,36.38,37.47,37.23,37.04,37.38,36.96
1.846,36.5,37.48,37.16,36.94,37.27,36.97
1.847,36.6,37.54,37.13,36.88,37.26,36.97
1.849,36.96,37.44,37.09,36.94,37.24,37
1.85,36.99,37.32,37.02,36.99,37.19,37.01
1.851,37.19,37.22,36.97,36.99,37.17,36.97
1.853,37.18,37.14,37.01,36.95,36.96,36.94
1.854,37.08,37.05,37.02,36.92,36.89,36.93
1.856,36.99,36.96,37.01,36.87,36.89,36.92
1.857,36.9,36.91,37,36.89,36.85,36.94
1.858,36.82,36.86,36.98,36.87,36.83,37
1.86,36.77,36.84,36.94,36.95,36.83,37.01
1.861,36.89,36.84,36.92,36.94,36.78,36.96
1.863,36.88,36.85,36.88,36.94,36.75,36.93
1.864,36.77,36.85,36.84,37,36.75,36.96
1.865,36.75,36.83,36.82,37.01,36.77,37.06
1.867,36.72,36.82,36.82,37.01,36.79,37.12
1.868,36.71,36.81,36.83,37.08,36.8,37.18
1.869,36.6,36.79,36.82,37.12,36.77,37.2
1.871,36.54,36.77,36.8,37.17,36.73,37.13
1.872,36.55,36.72,36.79,37.2,36.69,37.1
1.874,36.56,36.76,36.78,37.11,36.67,37.11
1.875,36.62,36.78,36.78,37.12,36.69,37.06
1.876,36.57,36.85,36.78,37,36.71,37.07
1.878,36.59,36.87,36.75,37.05,36.72,37.15
1.879,36.88,36.91,36.73,37.09,36.7,37.21
1.881,36.85,36.93,36.73,37.16,36.72,37.23
1.882,36.71,36.93,36.7,37.18,36.69,37.24
1.883,36.85,36.93,36.72,37.24,36.68,37.22
1.885,36.83,36.93,36.77,37.22,36.67,36.95
1.886,36.73,36.93,36.91,37.16,36.63,36.81
1.888,36.54,36.88,37.04,37.15,36.65,36.83
1.889,36.6,36.82,37.12,37.24,36.59,36.88
1.89,36.81,36.79,37.16,37.23,36.53,36.97
1.892,36.77,36.76,37.21,37.25,36.62,37.05
1.893,37.02,36.7,37.24,37.31,36.74,37.06
1.894,37.11,36.62,37.2,37.29,37.01,37.02
1.896,37.1,36.6,37.24,37.23,36.97,37.06
1.897,37.09,36.58,37.31,37.32,37.01,37.06
1.899,36.93,36.59,37.36,37.33,36.93,37.05
1.9,36.93,36.63,37.39,37.4,37,37.16
1.901,36.95,36.69,37.39,37.35,37.1,37.17
1.903,36.93,36.79,37.37,37.31,37.1,37.16
1.904,36.95,36.86,37.35,37.33,37.09,37.17
1.906,36.99,36.99,37.31,37.34,37.06,37.14
1.907,37.04,37.12,37.28,37.36,37.05,37.17
1.908,36.93,37.23,37.22,37.28,37.04,37.21
1.91,36.81,37.25,37.18,37.3,37.03,37.16
1.911,36.65,37.3,37.15,37.34,37.01,37.09
1.913,36.63,37.29,37.21,37.4,37.02,37.16
1.914,36.63,37.17,37.31,37.25,37.01,37.14
1.915,36.81,37.15,37.31,37.17,36.99,37.2
1.917,36.86,37.15,37.35,37.12,36.95,37.18
1.918,36.92,37.12,37.28,37.23,36.78,37.22
1.919,36.89,37.1,37.24,37.3,36.64,37.17
1.921,36.94,37.07,37.21,37.26,36.58,36.98
1.922,36.89,36.97,37.15,37.22,36.63,36.93
1.924,36.82,36.91,37.06,37.3,36.74,36.9
1.925,36.78,37,37.03,37.42,36.97,36.92
1.926,36.78,37.06,37.09,37.31,37.16,36.97
1.928,36.78,37.1,37.17,37.27,37.33,36.95
1.929,36.83,37.19,37.18,37.4,37.43,36.92
1.931,36.81,37.25,37.21,37.52,37.46,36.96
1.932,36.78,37.32,37.27,37.39,37.46,36.95
1.933,36.71,37.35,37.33,37.54,37.39,37.02
1.935,36.66,37.37,37.38,37.59,37.37,37.09
1.936,36.59,37.38,37.38,37.57,37.37,37.13
1.938,36.53,37.4,37.37,37.55,37.41,37.15
1.939,36.72,37.4,37.36,37.5,37.43,37.25
1.94,36.74,37.4,37.32,37.55,37.41,37.24
1.942,36.74,37.37,37.29,37.62,37.36,37.32
1.943,36.64,37.35,37.25,37.58,37.29,37.33
1.944,36.66,37.21,37.2,37.46,37.26,37.37
1.946,36.6,37.23,37.17,37.35,37.22,37.35
1.947,36.57,37.25,36.94,37.35,37.16,37.33
1.949,36.75,37.3,36.92,37.45,37.03,37.34
1.95,36.74,37.34,36.98,37.52,37.02,37.36
1.951,36.7,37.43,37.08,37.52,37.06,37.3
1.953,36.68,37.55,37.08,37.27,37.13,37.24
1.954,36.71,37.53,37.16,37.4,37.23,37.3
1.956,36.69,37.45,37.26,37.51,37.21,37.32
1.957,36.66,37.43,37.19,37.41,37.17,37.37
1.958,36.66,37.4,37.23,37.31,37.16,37.42
1.96,36.6,37.41,37.3,37.28,37.14,37.41
1.961,36.5,37.49,37.39,37.29,37.15,37.31
1.963,36.4,37.57,37.49,37.34,37.12,37.29
1.964,36.33,37.52,37.68,37.34,37.12,37.27
1.965,36.27,37.5,37.79,37.44,37.1,37.27
1.967,36.32,37.67,37.88,37.5,37.06,37.24
1.968,36.36,37.76,37.86,37.41,37.07,37.37
1.969,36.46,37.82,37.82,37.35,37.08,37.67
1.971,36.75,37.84,37.77,37.43,37.09,37.75
1.972,36.71,37.85,37.81,37.44,37.07,37.9
1.974,36.7,37.81,37.84,37.33,37.01,37.97
1.975,36.91,37.76,37.7,37.16,36.95,38.01
1.976,36.96,37.76,37.57,37.14,36.9,38.01
1.978,37.03,37.75,37.55,37.12,36.84,37.92
1.979,37.04,37.81,37.6,37.12,36.8,37.8
1.981,37.01,37.85,37.59,37.08,36.74,37.79
1.982,37.05,37.85,37.55,37.05,36.61,37.82
1.983,37.02,37.81,37.48,37.04,36.55,37.9
1.985,36.99,37.75,37.36,36.94,36.55,37.98
1.986,36.92,37.67,37.36,37,36.49,37.99
1.988,36.98,37.56,37.4,36.98,36.5,37.95
1.989,36.87,37.48,37.35,37.09,36.45,37.83
1.99,37.07,37.45,37.31,37.11,36.4,37.72
1.992,37.08,37.38,37.24,37.05,36.4,37.66
1.993,37.11,37.32,37.14,37.04,36.36,37.56
1.994,37,37.27,37.07,36.99,36.35,37.49
1.996,37.07,37.22,36.99,36.96,36.36,37.43
1.997,36.88,37.19,36.94,36.97,36.3,37.42
1.999,36.87,37.15,36.9,36.97,36.25,37.38
